{"time":0.015181,"cor":0.094913}