{"time":0.002398,"cor":0.53022}