{"time":0.002594,"cor":0.23555}