{"time":0.023291,"cor":0.99865}