{"time":0.020924,"cor":0.99865}