{"time":0.020935,"cor":0.99865}