{"time":0.035425,"cor":0.23221}