{"time":0.44614,"cor":0.51011}