{"time":0.057657,"cor":0.99865}