{"time":0.039138,"cor":0.99865}