{"time":0.047092,"cor":0.99865}