{"time":0.017523,"cor":0.40956}