{"time":0.014055,"cor":0.094913}