{"time":0.03972,"cor":0.094524}