{"time":0.41787,"cor":0.41209}