{"time":0.019526,"cor":0.99776}