{"time":0.023897,"cor":0.99776}