{"time":0.026209,"cor":0.99776}