{"time":0.085594,"cor":0.28047}