{"time":0.080799,"cor":0.28047}