{"time":0.11554,"cor":0.28047}