{"time":0.013878,"cor":0.075701}