{"time":0.43598,"cor":0.094523}