{"time":0.015775,"cor":0.36721}