{"time":0.013921,"cor":0.51771}