{"time":0.16898,"cor":0.21624}