{"time":0.17893,"cor":0.21626}