{"time":0.22189,"cor":0.21624}