{"time":0.014215,"cor":0.36721}