{"time":0.071563,"cor":0.21172}