{"time":0.095169,"cor":0.21172}