{"time":0.073825,"cor":0.21172}