{"time":0.029316,"cor":0.098436}