{"time":0.03772,"cor":0.99781}