{"time":0.03388,"cor":0.99781}