{"time":0.044037,"cor":0.99824}