{"time":0.15305,"cor":0.28051}