{"time":0.15462,"cor":0.28051}